"website","Service","City","Name","Str","DealerNr","PLZ2","Phone","Plz","Revenue_Split_raw","Factor_Split","Latitude","Profit_raw","Longitude","Revenue_total","Profit","Revenue","DealerFactor"
"http:/www.amore-automobile.de","New Cars","Berlin","Amore Automobile Moresco e.K.","Mariannenstraße 9-10","1","10","+49 30 6167040","10999",10311379,0.52,52.499662,0.06,13.42247,19829575,309341,5155689.5,0.5
"http:/www.vw-autohausberlinpankow.de","New Cars","Berlin","ASB Autohaus Berlin GmbH Berliner Str.","Berliner Straße 100","2","13","+49 30 479950","13189",9421993,0.54,52.368868,0.06,13.470358,17448136,570973,9516212.93,1.01
"http:/www.vw.volkswagen-automobile-berlin.de","New Cars","Berlin","Volkswagen Automobile Berlin GmbH Franklinstr.","Franklinstr. 5","3","10","+49 30 89081200","10587",6664732,0.55,52.464207,0.08,13.404865,12117695,783772,9797156.04,1.47
,"New Cars","Berlin","Andreas Witt GmbH","Strausberger Straße 1 u. 2","4","13","+49 30 9710790","13055",10018923,0.51,52.541452,0.07,13.488173,19644948,455861,6512299.95,0.65
"http:/www.vw.volkswagen-automobile-berlin.de","New Cars","Berlin","Volkswagen Automobile Berlin GmbH Oberlandstr.","Oberlandstr. 40-41","5","12","+49 30 89081000","12099",13895412,0.52,52.52045,0.05,13.40732,26721946,847620,16952402.64,1.22
"http:/www.volkswagen-service-autohaus-europa.de","New Cars","Berlin","J.H. Auto(h)aus Europa GmbH","Siegfriedstraße 150","6","10","+49 30 5779930","10365",7434417,0.52,52.528827,0.04,13.499454,14296955,478776,11969411.37,1.61
"http:/www.autohaus-thomas-kapinsky.de","New Cars","Berlin","Autohaus Thomas Kapinsky GmbH & Co. KG","Blankenburger Straße 95","7","13","+49 30 4789960","13089",9231270,0.53,52.573267,0.08,13.443985,17417490,1107752,13846905,1.5
,"New Cars","Berlin","Willi Britsch GmbH","Grenzallee 100","8","12","+49 30 689850","12057",8473987,0.53,52.464327,0.05,13.446074,15988655,521150,10423004.01,1.23
"http:/www.volkswagen-moebus.de","New Cars","Berlin","Autohaus Möbus GmbH","Hansastraße 202","9","13","+49 30 9627620","13088",8521568,0.54,52.557932,0.04,13.492706,15780682,402218,10055450.24,1.18
"http:/www.volkswagen-autohaus-pusch.de","New Cars","Berlin","Wilhelm Pusch Kraftfahrzeuge GmbH & Co. KG","Mecklenburgische Straße 23","10","14","+49 30 8209070","14197",8807827,0.56,52.479611,0.05,13.310888,15728262,290658,5813165.82,0.66
"http:/www.volkswagen-berolina.de","New Cars","Berlin","Autohaus Berolina GmbH Cicerostr.","Cicerostraße 34","11","10","+49 30 338009142","10709",9030459,0.51,52.490626,0.05,13.301218,17706783,790165,15803303.25,1.75
"http:/www.autohaus-friedrichthiele-berlin.de","New Cars","Berlin","Friedrich Thiele OHG","Sophie-Charlotten-Straße 7","12","14","+49 30 3267600","14059",14138193,0.58,52.521685,0.04,13.284828,24376195,361938,9048443.52,0.64
"http:/www.vw.autohaus-berlin.de","New Cars","Berlin","ASB Autohaus Berlin GmbH Marzahn","Marzahner Chaussee 234","13","12","+49 30 547970","12681",7940499,0.51,52.53081,0.05,13.531643,15569606,333501,6670019.16,0.84
"http:/www.volkswagen-berolina.de","New Cars","Berlin","Autohaus Berolina GmbH Ringstr.","Ringstraße 50","14","12","+49 30 338009390","12105",10543370,0.53,52.442463,0.04,13.377478,19893151,809731,20243270.4,1.92
,"New Cars","Berlin","Auto Barth GmbH","Friedrichshaller Straße 39-40","15","14","+49 30 8979790","14199",8880223,0.57,52.475381,0.06,13.294983,15579339,522157,8702618.54,0.98
"http:/www.vw-laatzig-berlin.de","New Cars","Berlin","Hans Laatzig Automobile GmbH","Eichhorster Weg 91","16","13","+49 30 4090030","13435",9282128,0.57,52.602944,0.08,13.334898,16284435,1202964,15037047.36,1.62
"http:/www.vw.volkswagen-automobile-berlin.de","New Cars","Berlin","Volkswagen Automobile Berlin GmbH Berliner Str.","Berliner Straße 68","17","13","+49 30 89081800","13507",13231497,0.5,52.582073,0.08,13.290807,26462994,1598365,19979560.47,1.51
"http:/www.volkswagen-automobile-libera.de","New Cars","Berlin","Automobile Libera","Säntisstr. 51 - 57","18","12","+49 30 7431041","12277",7809472,0.52,52.52045,0.07,13.40732,15018216,1011327,14447523.2,1.85
"http:/www.vw.volkswagen-automobile-berlin.de","New Cars","Berlin","Volkswagen Automobile Berlin GmbH am Juliusturm","Am Juliusturm 10","19","13","+49 30 89081400","13599",13703253,0.54,52.538438,0.04,13.229127,25376394,811233,20280814.44,1.48
"http:/www.volkswagen-zellmann-berlin.de","New Cars","Berlin","Auto-Zellmann GmbH","Rudower Straße 25 - 29","20","12","+49 30 6797210","12524",7056917,0.54,52.433998,0.06,13.469765,13068365,846830,14113834,2
"http:/www.vw.volkswagen-automobile-berlin.de","New Cars","Berlin","Volkswagen Automobile Berlin GmbH Goerzallee","Goerzallee 251","21","14","+49 30 89081600","14167",8911374,0.52,52.415247,0.04,13.283711,17137258,299422,7485554.16,0.84
"http:/www.volkswagen-berolina.de","New Cars","Berlin","Audi Zentrum Berlin-Spandau GmbH","Brunsbütteler Damm 40-50","22","13","+49 30 338009490","13581",8391208,0.5,52.533099,0.08,13.156191,16782415,624306,7803823.44,0.93
,"New Cars","Berlin","Klaus Piontek GmbH","Waltersdorfer Chaussee 18-20","23","12","+49 30 6097070","12355",12585584,0.58,52.415723,0.08,13.497994,21699282,1329038,16612970.88,1.32
"http:/www.vw-auto-adler.de","New Cars","Berlin","AUTO-Adler GmbH","Wendenschloßstraße 290","24","12","+49 30 6580190","12557",11341971,0.5,52.429732,0.07,13.583759,22683941,746302,10661452.74,0.94
,"New Cars","München","Handler München",,"25","80",,"80",14076529,0.5,48.135125,0.05,11.581981,28153057,108389273,2167785466,154
,"New Cars","Stuttgart","Händler Stuttgart",,"26","70",,"70",9747548,0.51,48.775846,0.06,9.182932,19112840,60824700,1013744992,104
,"New Cars","Frankfurt","Händler Frankfurt",,"27","60",,"60",5450414,0.51,50.110922,0.07,8.682127,10687086,29377731,419681878,77
,"New Cars","Düsseldorf","Händler Düsseldorf",,"28","40",,"40",9406461,0.5,51.227741,0.04,6.773456,18812922,63587676,1589691909,169
,"New Cars","Hamburg","Händler Hamburg",,"29","20",,"20",11908834,0.53,53.551085,0.07,9.993682,22469499,42514537,607350534,51
,"New Cars","Hannover","Händler Hannover",,"30","30",,"30",14037510,0.51,52.375892,0.04,9.73201,27524530,145428604,3635715090,259
,"New Cars","Erfurt","Händler Erfurt",,"31","99",,"99",10997252,0.5,50.984768,0.04,11.02988,21994503,7478131,186953284,17
,"New Cars","Schwerin","Händler Schwerin",,"32","19",,"19",16103826,0.54,53.635502,0.05,11.40125,29821900,8857104,177142086,11
,"New Cars","Kiel","Händler Kiel",,"33","24",,"24",12001403,0.56,54.323292,0.04,10.122765,21431077,12481459,312036478,26
,"New Cars","Potsdam","Händler Potsdam",,"34","14",,"14",8018845,0.52,52.396149,0.08,13.05854,15420856,9622614,120282675,15
,"New Cars","Leipzig","Händler Leipzig",,"35","04",,"04",13170734,0.56,51.339695,0.05,12.373075,23519168,20414638,408292754,31
,"New Cars","Saarbrücken","Händler Saarbrücken",,"36","66",,"66",5870098,0.58,49.234779,0.08,6.9944,10120858,1878431,23480392,4
,"New Cars","Wiesbaden","Händler Wiesbaden",,"37","65",,"65",12163305,0.51,50.078217,0.06,8.239761,23849618,22623747,377062455,31
,"New Cars","Bremen","Händler Bremen",,"38","28",,"28",8353285,0.51,53.079296,0.04,8.801694,16378991,1670657,41766425,5
,"New Cars","Magdeburg","Händler Magdeburg",,"39","39",,"39",13142387,0.57,52.131672,0.04,11.64032,23056819,8936823,223420579,17
"http:/www.amore-automobile.de","Used Cars","Berlin","Amore Automobile Moresco e.K.","Mariannenstraße 9-10","1","10","+49 30 6167040","10999",4560802,0.23,52.499662,0.17,13.42247,19829575,387668,2280401,0.5
"http:/www.vw-autohausberlinpankow.de","Used Cars","Berlin","ASB Autohaus Berlin GmbH Berliner Str.","Berliner Straße 100","2","13","+49 30 479950","13189",3489627,0.2,52.368868,0.17,13.470358,17448136,599169,3524523.27,1.01
"http:/www.vw.volkswagen-automobile-berlin.de","Used Cars","Berlin","Volkswagen Automobile Berlin GmbH Franklinstr.","Franklinstr. 5","3","10","+49 30 89081200","10587",2423539,0.2,52.464207,0.15,13.404865,12117695,534390,3562602.33,1.47
"0","Used Cars","Berlin","Andreas Witt GmbH","Strausberger Straße 1 u. 2","4","13","+49 30 9710790","13055",4518338,0.23,52.541452,0.15,13.488173,19644948,440538,2936919.7,0.65
"http:/www.vw.volkswagen-automobile-berlin.de","Used Cars","Berlin","Volkswagen Automobile Berlin GmbH Oberlandstr.","Oberlandstr. 40-41","5","12","+49 30 89081000","12099",6146048,0.23,52.52045,0.13,13.40732,26721946,974763,7498178.56,1.22
"http:/www.volkswagen-service-autohaus-europa.de","Used Cars","Berlin","J.H. Auto(h)aus Europa GmbH","Siegfriedstraße 150","6","10","+49 30 5779930","10365",3288300,0.23,52.528827,0.17,13.499454,14296955,900008,5294163,1.61
"http:/www.autohaus-thomas-kapinsky.de","Used Cars","Berlin","Autohaus Thomas Kapinsky GmbH & Co. KG","Blankenburger Straße 95","7","13","+49 30 4789960","13089",3831848,0.22,52.573267,0.15,13.443985,17417490,862166,5747772,1.5
"0","Used Cars","Berlin","Willi Britsch GmbH","Grenzallee 100","8","12","+49 30 689850","12057",3197731,0.2,52.464327,0.13,13.446074,15988655,511317,3933209.13,1.23
"http:/www.volkswagen-moebus.de","Used Cars","Berlin","Autohaus Möbus GmbH","Hansastraße 202","9","13","+49 30 9627620","13088",3156136,0.2,52.557932,0.14,13.492706,15780682,521394,3724240.48,1.18
"http:/www.volkswagen-autohaus-pusch.de","Used Cars","Berlin","Wilhelm Pusch Kraftfahrzeuge GmbH & Co. KG","Mecklenburgische Straße 23","10","14","+49 30 8209070","14197",3145652,0.2,52.479611,0.17,13.310888,15728262,352942,2076130.32,0.66
"http:/www.volkswagen-berolina.de","Used Cars","Berlin","Autohaus Berolina GmbH Cicerostr.","Cicerostraße 34","11","10","+49 30 338009142","10709",3718424,0.21,52.490626,0.14,13.301218,17706783,911014,6507242,1.75
"http:/www.autohaus-friedrichthiele-berlin.de","Used Cars","Berlin","Friedrich Thiele OHG","Sophie-Charlotten-Straße 7","12","14","+49 30 3267600","14059",6094049,0.25,52.521685,0.13,13.284828,24376195,507025,3900191.36,0.64
"http:/www.vw.autohaus-berlin.de","Used Cars","Berlin","ASB Autohaus Berlin GmbH Marzahn","Marzahner Chaussee 234","13","12","+49 30 547970","12681",3425313,0.22,52.53081,0.13,13.531643,15569606,374044,2877262.92,0.84
"http:/www.volkswagen-berolina.de","Used Cars","Berlin","Autohaus Berolina GmbH Ringstr.","Ringstraße 50","14","12","+49 30 338009390","12105",4575425,0.23,52.442463,0.18,13.377478,19893151,1581267,8784816,1.92
"0","Used Cars","Berlin","Auto Barth GmbH","Friedrichshaller Straße 39-40","15","14","+49 30 8979790","14199",3583248,0.23,52.475381,0.15,13.294983,15579339,526737,3511583.04,0.98
"http:/www.vw-laatzig-berlin.de","Used Cars","Berlin","Hans Laatzig Automobile GmbH","Eichhorster Weg 91","16","13","+49 30 4090030","13435",4071109,0.25,52.602944,0.13,13.334898,16284435,857376,6595196.58,1.62
"http:/www.vw.volkswagen-automobile-berlin.de","Used Cars","Berlin","Volkswagen Automobile Berlin GmbH Berliner Str.","Berliner Straße 68","17","13","+49 30 89081800","13507",6615749,0.25,52.582073,0.18,13.290807,26462994,1798161,9989780.99,1.51
"http:/www.volkswagen-automobile-libera.de","Used Cars","Berlin","Automobile Libera","Säntisstr. 51 - 57","18","12","+49 30 7431041","12277",3604372,0.24,52.52045,0.12,13.40732,15018216,800171,6668088.2,1.85
"http:/www.vw.volkswagen-automobile-berlin.de","Used Cars","Berlin","Volkswagen Automobile Berlin GmbH am Juliusturm","Am Juliusturm 10","19","13","+49 30 89081400","13599",5582807,0.22,52.538438,0.15,13.229127,25376394,1239383,8262554.36,1.48
"http:/www.volkswagen-zellmann-berlin.de","Used Cars","Berlin","Auto-Zellmann GmbH","Rudower Straße 25 - 29","20","12","+49 30 6797210","12524",3136408,0.24,52.433998,0.12,13.469765,13068365,752738,6272816,2
"http:/www.vw.volkswagen-automobile-berlin.de","Used Cars","Berlin","Volkswagen Automobile Berlin GmbH Goerzallee","Goerzallee 251","21","14","+49 30 89081600","14167",3427452,0.2,52.415247,0.16,13.283711,17137258,460650,2879059.68,0.84
"http:/www.volkswagen-berolina.de","Used Cars","Berlin","Audi Zentrum Berlin-Spandau GmbH","Brunsbütteler Damm 40-50","22","13","+49 30 338009490","13581",4195604,0.25,52.533099,0.13,13.156191,16782415,507249,3901911.72,0.93
"0","Used Cars","Berlin","Klaus Piontek GmbH","Waltersdorfer Chaussee 18-20","23","12","+49 30 6097070","12355",5207828,0.24,52.415723,0.12,13.497994,21699282,824920,6874332.96,1.32
"http:/www.vw-auto-adler.de","Used Cars","Berlin","AUTO-Adler GmbH","Wendenschloßstraße 290","24","12","+49 30 6580190","12557",4990467,0.22,52.429732,0.13,13.583759,22683941,609835,4691038.98,0.94
"0","Used Cars","München","Handler München","0","25","80","0","80",5630611,0.2,48.135125,0.14,11.581981,28153057,121395973,867114094,154
"0","Used Cars","Stuttgart","Händler Stuttgart","0","26","70","0","70",4013696,0.21,48.775846,0.12,9.182932,19112840,50090926,417424384,104
"0","Used Cars","Frankfurt","Händler Frankfurt","0","27","60","0","60",2351159,0.22,50.110922,0.14,8.682127,10687086,25345494,181039243,77
"0","Used Cars","Düsseldorf","Händler Düsseldorf","0","28","40","0","40",3950714,0.21,51.227741,0.12,6.773456,18812922,80120480,667670666,169
"0","Used Cars","Hamburg","Händler Hamburg","0","29","20","0","20",4943290,0.22,53.551085,0.14,9.993682,22469499,35295091,252107790,51
"0","Used Cars","Hannover","Händler Hannover","0","30","30","0","30",5780151,0.21,52.375892,0.13,9.73201,27524530,194617684,1497059109,259
"0","Used Cars","Erfurt","Händler Erfurt","0","31","99","0","99",5278681,0.24,50.984768,0.15,11.02988,21994503,13460637,89737577,17
"0","Used Cars","Schwerin","Händler Schwerin","0","32","19","0","19",7157256,0.24,53.635502,0.17,11.40125,29821900,13384069,78729816,11
"0","Used Cars","Kiel","Händler Kiel","0","33","24","0","24",5143458,0.24,54.323292,0.15,10.122765,21431077,20059486,133729908,26
"0","Used Cars","Potsdam","Händler Potsdam","0","34","14","0","14",3855214,0.25,52.396149,0.17,13.05854,15420856,9830796,57828210,15
"0","Used Cars","Leipzig","Händler Leipzig","0","35","04","0","04",5174217,0.22,51.339695,0.17,12.373075,23519168,27268124,160400727,31
"0","Used Cars","Saarbrücken","Händler Saarbrücken","0","36","66","0","66",2024172,0.2,49.234779,0.17,6.9944,10120858,1376437,8096688,4
"0","Used Cars","Wiesbaden","Händler Wiesbaden","0","37","65","0","65",5485412,0.23,50.078217,0.16,8.239761,23849618,27207644,170047772,31
"0","Used Cars","Bremen","Händler Bremen","0","38","28","0","28",3439588,0.21,53.079296,0.16,8.801694,16378991,2751670,17197940,5
"0","Used Cars","Magdeburg","Händler Magdeburg","0","39","39","0","39",5764205,0.25,52.131672,0.16,11.64032,23056819,15678638,97991485,17
"http:/www.amore-automobile.de","Services","Berlin","Amore Automobile Moresco e.K.","Mariannenstraße 9-10","1","10","+49 30 6167040","10999",1784662,0.09,52.499662,0.33,13.42247,19829575,294469,892331,0.5
"http:/www.vw-autohausberlinpankow.de","Services","Berlin","ASB Autohaus Berlin GmbH Berliner Str.","Berliner Straße 100","2","13","+49 30 479950","13189",1221370,0.07,52.368868,0.35,13.470358,17448136,431754,1233583.7,1.01
"http:/www.vw.volkswagen-automobile-berlin.de","Services","Berlin","Volkswagen Automobile Berlin GmbH Franklinstr.","Franklinstr. 5","3","10","+49 30 89081200","10587",969416,0.08,52.464207,0.33,13.404865,12117695,470264,1425041.52,1.47
"0","Services","Berlin","Andreas Witt GmbH","Strausberger Straße 1 u. 2","4","13","+49 30 9710790","13055",1375146,0.07,52.541452,0.33,13.488173,19644948,294969,893844.9,0.65
"http:/www.vw.volkswagen-automobile-berlin.de","Services","Berlin","Volkswagen Automobile Berlin GmbH Oberlandstr.","Oberlandstr. 40-41","5","12","+49 30 89081000","12099",2137756,0.08,52.52045,0.3,13.40732,26721946,782419,2608062.32,1.22
"http:/www.volkswagen-service-autohaus-europa.de","Services","Berlin","J.H. Auto(h)aus Europa GmbH","Siegfriedstraße 150","6","10","+49 30 5779930","10365",1286726,0.09,52.528827,0.26,13.499454,14296955,538624,2071628.86,1.61
"http:/www.autohaus-thomas-kapinsky.de","Services","Berlin","Autohaus Thomas Kapinsky GmbH & Co. KG","Blankenburger Straße 95","7","13","+49 30 4789960","13089",1219224,0.07,52.573267,0.24,13.443985,17417490,438921,1828836,1.5
"0","Services","Berlin","Willi Britsch GmbH","Grenzallee 100","8","12","+49 30 689850","12057",1119206,0.07,52.464327,0.34,13.446074,15988655,468052,1376623.38,1.23
"http:/www.volkswagen-moebus.de","Services","Berlin","Autohaus Möbus GmbH","Hansastraße 202","9","13","+49 30 9627620","13088",1420261,0.09,52.557932,0.32,13.492706,15780682,536291,1675907.98,1.18
"http:/www.volkswagen-autohaus-pusch.de","Services","Berlin","Wilhelm Pusch Kraftfahrzeuge GmbH & Co. KG","Mecklenburgische Straße 23","10","14","+49 30 8209070","14197",1415544,0.09,52.479611,0.31,13.310888,15728262,289620,934259.04,0.66
"http:/www.volkswagen-berolina.de","Services","Berlin","Autohaus Berolina GmbH Cicerostr.","Cicerostraße 34","11","10","+49 30 338009142","10709",1593610,0.09,52.490626,0.36,13.301218,17706783,1003974,2788817.5,1.75
"http:/www.autohaus-friedrichthiele-berlin.de","Services","Berlin","Friedrich Thiele OHG","Sophie-Charlotten-Straße 7","12","14","+49 30 3267600","14059",2437620,0.1,52.521685,0.25,13.284828,24376195,390019,1560076.8,0.64
"http:/www.vw.autohaus-berlin.de","Services","Berlin","ASB Autohaus Berlin GmbH Marzahn","Marzahner Chaussee 234","13","12","+49 30 547970","12681",1089872,0.07,52.53081,0.31,13.531643,15569606,283803,915492.48,0.84
"http:/www.volkswagen-berolina.de","Services","Berlin","Autohaus Berolina GmbH Ringstr.","Ringstraße 50","14","12","+49 30 338009390","12105",1591452,0.08,52.442463,0.3,13.377478,19893151,916676,3055587.84,1.92
"0","Services","Berlin","Auto Barth GmbH","Friedrichshaller Straße 39-40","15","14","+49 30 8979790","14199",1246347,0.08,52.475381,0.31,13.294983,15579339,378640,1221420.06,0.98
"http:/www.vw-laatzig-berlin.de","Services","Berlin","Hans Laatzig Automobile GmbH","Eichhorster Weg 91","16","13","+49 30 4090030","13435",1628444,0.1,52.602944,0.35,13.334898,16284435,923328,2638079.28,1.62
"http:/www.vw.volkswagen-automobile-berlin.de","Services","Berlin","Volkswagen Automobile Berlin GmbH Berliner Str.","Berliner Straße 68","17","13","+49 30 89081800","13507",2646299,0.1,52.582073,0.31,13.290807,26462994,1238733,3995911.49,1.51
"http:/www.volkswagen-automobile-libera.de","Services","Berlin","Automobile Libera","Säntisstr. 51 - 57","18","12","+49 30 7431041","12277",1501822,0.1,52.52045,0.34,13.40732,15018216,944646,2778370.7,1.85
"http:/www.vw.volkswagen-automobile-berlin.de","Services","Berlin","Volkswagen Automobile Berlin GmbH am Juliusturm","Am Juliusturm 10","19","13","+49 30 89081400","13599",2537639,0.1,52.538438,0.25,13.229127,25376394,938926,3755705.72,1.48
"http:/www.volkswagen-zellmann-berlin.de","Services","Berlin","Auto-Zellmann GmbH","Rudower Straße 25 - 29","20","12","+49 30 6797210","12524",1045469,0.08,52.433998,0.3,13.469765,13068365,627281,2090938,2
"http:/www.vw.volkswagen-automobile-berlin.de","Services","Berlin","Volkswagen Automobile Berlin GmbH Goerzallee","Goerzallee 251","21","14","+49 30 89081600","14167",1199608,0.07,52.415247,0.32,13.283711,17137258,322455,1007670.72,0.84
"http:/www.volkswagen-berolina.de","Services","Berlin","Audi Zentrum Berlin-Spandau GmbH","Brunsbütteler Damm 40-50","22","13","+49 30 338009490","13581",1678242,0.1,52.533099,0.3,13.156191,16782415,468230,1560765.06,0.93
"0","Services","Berlin","Klaus Piontek GmbH","Waltersdorfer Chaussee 18-20","23","12","+49 30 6097070","12355",1518950,0.07,52.415723,0.28,13.497994,21699282,561404,2005014,1.32
"http:/www.vw-auto-adler.de","Services","Berlin","AUTO-Adler GmbH","Wendenschloßstraße 290","24","12","+49 30 6580190","12557",1587876,0.07,52.429732,0.32,13.583759,22683941,477633,1492603.44,0.94
"0","Services","München","Handler München","0","25","80","0","80",1970714,0.07,48.135125,0.36,11.581981,28153057,109256384,303489956,154
"0","Services","Stuttgart","Händler Stuttgart","0","26","70","0","70",1529027,0.08,48.775846,0.32,9.182932,19112840,50886019,159018808,104
"0","Services","Frankfurt","Händler Frankfurt","0","27","60","0","60",854967,0.08,50.110922,0.28,8.682127,10687086,18433089,65832459,77
"0","Services","Düsseldorf","Händler Düsseldorf","0","28","40","0","40",1693163,0.09,51.227741,0.35,6.773456,18812922,100150591,286144547,169
"0","Services","Hamburg","Händler Hamburg","0","29","20","0","20",2022255,0.09,53.551085,0.36,9.993682,22469499,37128602,103135005,51
"0","Services","Hannover","Händler Hannover","0","30","30","0","30",2752453,0.1,52.375892,0.29,9.73201,27524530,206736745,712885327,259
"0","Services","Erfurt","Händler Erfurt","0","31","99","0","99",1759560,0.08,50.984768,0.28,11.02988,21994503,8375506,29912520,17
"0","Services","Schwerin","Händler Schwerin","0","32","19","0","19",2087533,0.07,53.635502,0.34,11.40125,29821900,7807373,22962863,11
"0","Services","Kiel","Händler Kiel","0","33","24","0","24",1928797,0.09,54.323292,0.33,10.122765,21431077,16549078,50148722,26
"0","Services","Potsdam","Händler Potsdam","0","34","14","0","14",1542086,0.1,52.396149,0.25,13.05854,15420856,5782823,23131290,15
"0","Services","Leipzig","Händler Leipzig","0","35","04","0","04",2351917,0.1,51.339695,0.31,12.373075,23519168,22601922,72909427,31
"0","Services","Saarbrücken","Händler Saarbrücken","0","36","66","0","66",1012086,0.1,49.234779,0.25,6.9944,10120858,1012086,4048344,4
"0","Services","Wiesbaden","Händler Wiesbaden","0","37","65","0","65",1669473,0.07,50.078217,0.25,8.239761,23849618,12938416,51753663,31
"0","Services","Bremen","Händler Bremen","0","38","28","0","28",1146529,0.07,53.079296,0.35,8.801694,16378991,2006426,5732645,5
"0","Services","Magdeburg","Händler Magdeburg","0","39","39","0","39",2305682,0.1,52.131672,0.27,11.64032,23056819,10583080,39196594,17
"http:/www.amore-automobile.de","Original Parts","Berlin","Amore Automobile Moresco e.K.","Mariannenstraße 9-10","1","10","+49 30 6167040","10999",1784662,0.09,52.499662,0.31,13.42247,19829575,276623,892331,0.5
"http:/www.vw-autohausberlinpankow.de","Original Parts","Berlin","ASB Autohaus Berlin GmbH Berliner Str.","Berliner Straße 100","2","13","+49 30 479950","13189",1744814,0.1,52.368868,0.3,13.470358,17448136,528679,1762262.14,1.01
"http:/www.vw.volkswagen-automobile-berlin.de","Original Parts","Berlin","Volkswagen Automobile Berlin GmbH Franklinstr.","Franklinstr. 5","3","10","+49 30 89081200","10587",1211770,0.1,52.464207,0.3,13.404865,12117695,534391,1781301.9,1.47
"0","Original Parts","Berlin","Andreas Witt GmbH","Strausberger Straße 1 u. 2","4","13","+49 30 9710790","13055",1768045,0.09,52.541452,0.35,13.488173,19644948,402230,1149229.25,0.65
"http:/www.vw.volkswagen-automobile-berlin.de","Original Parts","Berlin","Volkswagen Automobile Berlin GmbH Oberlandstr.","Oberlandstr. 40-41","5","12","+49 30 89081000","12099",2672195,0.1,52.52045,0.27,13.40732,26721946,880221,3260077.9,1.22
"http:/www.volkswagen-service-autohaus-europa.de","Original Parts","Berlin","J.H. Auto(h)aus Europa GmbH","Siegfriedstraße 150","6","10","+49 30 5779930","10365",1143756,0.08,52.528827,0.3,13.499454,14296955,552434,1841447.16,1.61
"http:/www.autohaus-thomas-kapinsky.de","Original Parts","Berlin","Autohaus Thomas Kapinsky GmbH & Co. KG","Blankenburger Straße 95","7","13","+49 30 4789960","13089",1219224,0.07,52.573267,0.33,13.443985,17417490,603516,1828836,1.5
"0","Original Parts","Berlin","Willi Britsch GmbH","Grenzallee 100","8","12","+49 30 689850","12057",1438979,0.09,52.464327,0.3,13.446074,15988655,530983,1769944.17,1.23
"http:/www.volkswagen-moebus.de","Original Parts","Berlin","Autohaus Möbus GmbH","Hansastraße 202","9","13","+49 30 9627620","13088",1420261,0.09,52.557932,0.31,13.492706,15780682,519531,1675907.98,1.18
"http:/www.volkswagen-autohaus-pusch.de","Original Parts","Berlin","Wilhelm Pusch Kraftfahrzeuge GmbH & Co. KG","Mecklenburgische Straße 23","10","14","+49 30 8209070","14197",1415544,0.09,52.479611,0.3,13.310888,15728262,280278,934259.04,0.66
"http:/www.volkswagen-berolina.de","Original Parts","Berlin","Autohaus Berolina GmbH Cicerostr.","Cicerostraße 34","11","10","+49 30 338009142","10709",1416543,0.08,52.490626,0.29,13.301218,17706783,718896,2478950.25,1.75
"http:/www.autohaus-friedrichthiele-berlin.de","Original Parts","Berlin","Friedrich Thiele OHG","Sophie-Charlotten-Straße 7","12","14","+49 30 3267600","14059",1950096,0.08,52.521685,0.34,13.284828,24376195,424341,1248061.44,0.64
"http:/www.vw.autohaus-berlin.de","Original Parts","Berlin","ASB Autohaus Berlin GmbH Marzahn","Marzahner Chaussee 234","13","12","+49 30 547970","12681",1401265,0.09,52.53081,0.33,13.531643,15569606,388431,1177062.6,0.84
"http:/www.volkswagen-berolina.de","Original Parts","Berlin","Autohaus Berolina GmbH Ringstr.","Ringstraße 50","14","12","+49 30 338009390","12105",1591452,0.08,52.442463,0.29,13.377478,19893151,886120,3055587.84,1.92
"0","Original Parts","Berlin","Auto Barth GmbH","Friedrichshaller Straße 39-40","15","14","+49 30 8979790","14199",1557934,0.1,52.475381,0.35,13.294983,15579339,534371,1526775.32,0.98
"http:/www.vw-laatzig-berlin.de","Original Parts","Berlin","Hans Laatzig Automobile GmbH","Eichhorster Weg 91","16","13","+49 30 4090030","13435",1139910,0.07,52.602944,0.27,13.334898,16284435,498597,1846654.2,1.62
"http:/www.vw.volkswagen-automobile-berlin.de","Original Parts","Berlin","Volkswagen Automobile Berlin GmbH Berliner Str.","Berliner Straße 68","17","13","+49 30 89081800","13507",1852410,0.07,52.582073,0.35,13.290807,26462994,978999,2797139.1,1.51
"http:/www.volkswagen-automobile-libera.de","Original Parts","Berlin","Automobile Libera","Säntisstr. 51 - 57","18","12","+49 30 7431041","12277",1501822,0.1,52.52045,0.26,13.40732,15018216,722376,2778370.7,1.85
"http:/www.vw.volkswagen-automobile-berlin.de","Original Parts","Berlin","Volkswagen Automobile Berlin GmbH am Juliusturm","Am Juliusturm 10","19","13","+49 30 89081400","13599",2537639,0.1,52.538438,0.27,13.229127,25376394,1014041,3755705.72,1.48
"http:/www.volkswagen-zellmann-berlin.de","Original Parts","Berlin","Auto-Zellmann GmbH","Rudower Straße 25 - 29","20","12","+49 30 6797210","12524",1306837,0.1,52.433998,0.27,13.469765,13068365,705692,2613674,2
"http:/www.vw.volkswagen-automobile-berlin.de","Original Parts","Berlin","Volkswagen Automobile Berlin GmbH Goerzallee","Goerzallee 251","21","14","+49 30 89081600","14167",1542353,0.09,52.415247,0.27,13.283711,17137258,349806,1295576.52,0.84
"http:/www.volkswagen-berolina.de","Original Parts","Berlin","Audi Zentrum Berlin-Spandau GmbH","Brunsbütteler Damm 40-50","22","13","+49 30 338009490","13581",1174769,0.07,52.533099,0.27,13.156191,16782415,294984,1092535.17,0.93
"0","Original Parts","Berlin","Klaus Piontek GmbH","Waltersdorfer Chaussee 18-20","23","12","+49 30 6097070","12355",1735943,0.08,52.415723,0.36,13.497994,21699282,824920,2291444.76,1.32
"http:/www.vw-auto-adler.de","Original Parts","Berlin","AUTO-Adler GmbH","Wendenschloßstraße 290","24","12","+49 30 6580190","12557",2268394,0.1,52.429732,0.32,13.583759,22683941,682333,2132290.36,0.94
"0","Original Parts","München","Handler München","0","25","80","0","80",2815306,0.1,48.135125,0.29,11.581981,28153057,125731566,433557124,154
"0","Original Parts","Stuttgart","Händler Stuttgart","0","26","70","0","70",1720156,0.09,48.775846,0.27,9.182932,19112840,48301980,178896224,104
"0","Original Parts","Frankfurt","Händler Frankfurt","0","27","60","0","60",854967,0.08,50.110922,0.29,8.682127,10687086,19091413,65832459,77
"0","Original Parts","Düsseldorf","Händler Düsseldorf","0","28","40","0","40",1693163,0.09,51.227741,0.32,6.773456,18812922,91566255,286144547,169
"0","Original Parts","Hamburg","Händler Hamburg","0","29","20","0","20",2246950,0.1,53.551085,0.3,9.993682,22469499,34378335,114594450,51
"0","Original Parts","Hannover","Händler Hannover","0","30","30","0","30",1926717,0.07,52.375892,0.24,9.73201,27524530,119764729,499019703,259
"0","Original Parts","Erfurt","Händler Erfurt","0","31","99","0","99",1759560,0.08,50.984768,0.34,11.02988,21994503,10170257,29912520,17
"0","Original Parts","Schwerin","Händler Schwerin","0","32","19","0","19",2385752,0.08,53.635502,0.33,11.40125,29821900,8660280,26243272,11
"0","Original Parts","Kiel","Händler Kiel","0","33","24","0","24",1714486,0.08,54.323292,0.36,10.122765,21431077,16047589,44576636,26
"0","Original Parts","Potsdam","Händler Potsdam","0","34","14","0","14",1542086,0.1,52.396149,0.35,13.05854,15420856,8095952,23131290,15
"0","Original Parts","Leipzig","Händler Leipzig","0","35","04","0","04",2116725,0.09,51.339695,0.33,12.373075,23519168,21654097,65618475,31
"0","Original Parts","Saarbrücken","Händler Saarbrücken","0","36","66","0","66",1012086,0.1,49.234779,0.34,6.9944,10120858,1376437,4048344,4
"0","Original Parts","Wiesbaden","Händler Wiesbaden","0","37","65","0","65",2146466,0.09,50.078217,0.33,8.239761,23849618,21958347,66540446,31
"0","Original Parts","Bremen","Händler Bremen","0","38","28","0","28",1474109,0.09,53.079296,0.3,8.801694,16378991,2211164,7370545,5
"0","Original Parts","Magdeburg","Händler Magdeburg","0","39","39","0","39",1844546,0.08,52.131672,0.29,11.64032,23056819,9093612,31357282,17
"http:/www.amore-automobile.de","Digital Services","Berlin","Amore Automobile Moresco e.K.","Mariannenstraße 9-10","1","10","+49 30 6167040","10999",1388070,0.07,52.499662,0.67,13.42247,19829575,465003,694035,0.5
"http:/www.vw-autohausberlinpankow.de","Digital Services","Berlin","ASB Autohaus Berlin GmbH Berliner Str.","Berliner Straße 100","2","13","+49 30 479950","13189",1570332,0.09,52.368868,0.6,13.470358,17448136,951621,1586035.32,1.01
"http:/www.vw.volkswagen-automobile-berlin.de","Digital Services","Berlin","Volkswagen Automobile Berlin GmbH Franklinstr.","Franklinstr. 5","3","10","+49 30 89081200","10587",848239,0.07,52.464207,0.68,13.404865,12117695,847900,1246911.33,1.47
"0","Digital Services","Berlin","Andreas Witt GmbH","Strausberger Straße 1 u. 2","4","13","+49 30 9710790","13055",1964495,0.1,52.541452,0.68,13.488173,19644948,868307,1276921.75,0.65
"http:/www.vw.volkswagen-automobile-berlin.de","Digital Services","Berlin","Volkswagen Automobile Berlin GmbH Oberlandstr.","Oberlandstr. 40-41","5","12","+49 30 89081000","12099",1870536,0.07,52.52045,0.54,13.40732,26721946,1232309,2282053.92,1.22
"http:/www.volkswagen-service-autohaus-europa.de","Digital Services","Berlin","J.H. Auto(h)aus Europa GmbH","Siegfriedstraße 150","6","10","+49 30 5779930","10365",1143756,0.08,52.528827,0.63,13.499454,14296955,1160112,1841447.16,1.61
"http:/www.autohaus-thomas-kapinsky.de","Digital Services","Berlin","Autohaus Thomas Kapinsky GmbH & Co. KG","Blankenburger Straße 95","7","13","+49 30 4789960","13089",1915924,0.11,52.573267,0.69,13.443985,17417490,1982981,2873886,1.5
"0","Digital Services","Berlin","Willi Britsch GmbH","Grenzallee 100","8","12","+49 30 689850","12057",1758752,0.11,52.464327,0.74,13.446074,15988655,1600816,2163264.96,1.23
"http:/www.volkswagen-moebus.de","Digital Services","Berlin","Autohaus Möbus GmbH","Hansastraße 202","9","13","+49 30 9627620","13088",1262455,0.08,52.557932,0.52,13.492706,15780682,774642,1489696.9,1.18
"http:/www.volkswagen-autohaus-pusch.de","Digital Services","Berlin","Wilhelm Pusch Kraftfahrzeuge GmbH & Co. KG","Mecklenburgische Straße 23","10","14","+49 30 8209070","14197",943696,0.06,52.479611,0.68,13.310888,15728262,423531,622839.36,0.66
"http:/www.volkswagen-berolina.de","Digital Services","Berlin","Autohaus Berolina GmbH Cicerostr.","Cicerostraße 34","11","10","+49 30 338009142","10709",1947746,0.11,52.490626,0.53,13.301218,17706783,1806534,3408555.5,1.75
"http:/www.autohaus-friedrichthiele-berlin.de","Digital Services","Berlin","Friedrich Thiele OHG","Sophie-Charlotten-Straße 7","12","14","+49 30 3267600","14059",-243762,-0.01,52.521685,0.51,13.284828,24376195,-79564,-156007.68,0.64
"http:/www.vw.autohaus-berlin.de","Digital Services","Berlin","ASB Autohaus Berlin GmbH Marzahn","Marzahner Chaussee 234","13","12","+49 30 547970","12681",1712657,0.11,52.53081,0.75,13.531643,15569606,1078974,1438631.88,0.84
"http:/www.volkswagen-berolina.de","Digital Services","Berlin","Autohaus Berolina GmbH Ringstr.","Ringstraße 50","14","12","+49 30 338009390","12105",1591452,0.08,52.442463,0.64,13.377478,19893151,1955576,3055587.84,1.92
"0","Digital Services","Berlin","Auto Barth GmbH","Friedrichshaller Straße 39-40","15","14","+49 30 8979790","14199",311587,0.02,52.475381,0.72,13.294983,15579339,219856,305355.26,0.98
"http:/www.vw-laatzig-berlin.de","Digital Services","Berlin","Hans Laatzig Automobile GmbH","Eichhorster Weg 91","16","13","+49 30 4090030","13435",162844,0.01,52.602944,0.57,13.334898,16284435,150370,263807.28,1.62
"http:/www.vw.volkswagen-automobile-berlin.de","Digital Services","Berlin","Volkswagen Automobile Berlin GmbH Berliner Str.","Berliner Straße 68","17","13","+49 30 89081800","13507",2117040,0.08,52.582073,0.75,13.290807,26462994,2397548,3196730.4,1.51
"http:/www.volkswagen-automobile-libera.de","Digital Services","Berlin","Automobile Libera","Säntisstr. 51 - 57","18","12","+49 30 7431041","12277",600729,0.04,52.52045,0.55,13.40732,15018216,611242,1111348.65,1.85
"http:/www.vw.volkswagen-automobile-berlin.de","Digital Services","Berlin","Volkswagen Automobile Berlin GmbH am Juliusturm","Am Juliusturm 10","19","13","+49 30 89081400","13599",1015056,0.04,52.538438,0.55,13.229127,25376394,826256,1502282.88,1.48
"http:/www.volkswagen-zellmann-berlin.de","Digital Services","Berlin","Auto-Zellmann GmbH","Rudower Straße 25 - 29","20","12","+49 30 6797210","12524",2221622,0.17,52.433998,0.61,13.469765,13068365,2710379,4443244,2
"http:/www.vw.volkswagen-automobile-berlin.de","Digital Services","Berlin","Volkswagen Automobile Berlin GmbH Goerzallee","Goerzallee 251","21","14","+49 30 89081600","14167",2056471,0.12,52.415247,0.61,13.283711,17137258,1053736,1727435.64,0.84
"http:/www.volkswagen-berolina.de","Digital Services","Berlin","Audi Zentrum Berlin-Spandau GmbH","Brunsbütteler Damm 40-50","22","13","+49 30 338009490","13581",1342593,0.08,52.533099,0.69,13.156191,16782415,861542,1248611.49,0.93
"0","Digital Services","Berlin","Klaus Piontek GmbH","Waltersdorfer Chaussee 18-20","23","12","+49 30 6097070","12355",650978,0.03,52.415723,0.65,13.497994,21699282,558539,859290.96,1.32
"http:/www.vw-auto-adler.de","Digital Services","Berlin","AUTO-Adler GmbH","Wendenschloßstraße 290","24","12","+49 30 6580190","12557",2495234,0.11,52.429732,0.73,13.583759,22683941,1712230,2345519.96,0.94
"0","Digital Services","München","Handler München","0","25","80","0","80",3659897,0.13,48.135125,0.65,11.581981,28153057,366355690,563624138,154
"0","Digital Services","Stuttgart","Händler Stuttgart","0","26","70","0","70",2102412,0.11,48.775846,0.66,9.182932,19112840,144309560,218650848,104
"0","Digital Services","Frankfurt","Händler Frankfurt","0","27","60","0","60",1175579,0.11,50.110922,0.63,8.682127,10687086,57027337,90519583,77
"0","Digital Services","Düsseldorf","Händler Düsseldorf","0","28","40","0","40",2069421,0.11,51.227741,0.59,6.773456,18812922,206341968,349732149,169
"0","Digital Services","Hamburg","Händler Hamburg","0","29","20","0","20",1348170,0.06,53.551085,0.52,9.993682,22469499,35753468,68756670,51
"0","Digital Services","Hannover","Händler Hannover","0","30","30","0","30",3027698,0.11,52.375892,0.75,9.73201,27524530,588130337,784173782,259
"0","Digital Services","Erfurt","Händler Erfurt","0","31","99","0","99",2199450,0.1,50.984768,0.69,11.02988,21994503,25799549,37390650,17
"0","Digital Services","Schwerin","Händler Schwerin","0","32","19","0","19",2087533,0.07,53.635502,0.6,11.40125,29821900,13777718,22962863,11
"0","Digital Services","Kiel","Händler Kiel","0","33","24","0","24",642932,0.03,54.323292,0.75,10.122765,21431077,12537174,16716232,26
"0","Digital Services","Potsdam","Händler Potsdam","0","34","14","0","14",462626,0.03,52.396149,0.71,13.05854,15420856,4926967,6939390,15
"0","Digital Services","Leipzig","Händler Leipzig","0","35","04","0","04",705575,0.03,51.339695,0.65,12.373075,23519168,14217336,21872825,31
"0","Digital Services","Saarbrücken","Händler Saarbrücken","0","36","66","0","66",202417,0.02,49.234779,0.55,6.9944,10120858,445317,809668,4
"0","Digital Services","Wiesbaden","Händler Wiesbaden","0","37","65","0","65",2384962,0.1,50.078217,0.73,8.239761,23849618,53971690,73933822,31
"0","Digital Services","Bremen","Händler Bremen","0","38","28","0","28",1965479,0.12,53.079296,0.59,8.801694,16378991,5798163,9827395,5
"0","Digital Services","Magdeburg","Händler Magdeburg","0","39","39","0","39",0,0,52.131672,0.6,11.64032,23056819,0,0,17